Dishes,Links
Extra-Creamy Scrambled Eggs,https://cooking.nytimes.com//recipes/1021931-extra-creamy-scrambled-eggs
Creamy Baked Macaroni and Cheese,https://cooking.nytimes.com//recipes/1022733-creamy-baked-macaroni-and-cheese
Lemony White Bean Soup With Turkey and Greens,https://cooking.nytimes.com//recipes/1021776-lemony-white-bean-soup-with-turkey-and-greens
Crispy Gnocchi With Burst Tomatoes and Mozzarella,https://cooking.nytimes.com//recipes/1022024-crispy-gnocchi-with-burst-tomatoes-and-mozzarella
Cold Noodle Salad With Spicy Peanut Sauce,https://cooking.nytimes.com//recipes/1022329-cold-noodle-salad-with-spicy-peanut-sauce
Updated No-Knead Bread,https://cooking.nytimes.com//recipes/1022147-updated-no-knead-bread
Grilled Za’atar Chicken With Garlic Yogurt and Cilantro,https://cooking.nytimes.com//recipes/1022300-grilled-zaatar-chicken-with-garlic-yogurt-and-cilantro
Cucumber-Avocado Salad,https://cooking.nytimes.com//recipes/1022411-cucumber-avocado-salad
Sheet-Pan Bibimbap,https://cooking.nytimes.com//recipes/1022131-sheet-pan-bibimbap
Birria de Res,https://cooking.nytimes.com//recipes/1021858-birria-de-res
Ginger-Dill Salmon,https://cooking.nytimes.com//recipes/1021938-ginger-dill-salmon
Croissants,https://cooking.nytimes.com//recipes/1022053-croissants
Double Lemon Chicken,https://cooking.nytimes.com//recipes/1022656-double-lemon-chicken
Pineapple-Marinated Chicken Breasts,https://cooking.nytimes.com//recipes/1022239-pineapple-marinated-chicken-breasts
Creamy Asparagus Pasta,https://cooking.nytimes.com//recipes/1022038-creamy-asparagus-pasta
Sheet-Pan Chicken With Zucchini and Basil,https://cooking.nytimes.com//recipes/1022358-sheet-pan-chicken-with-zucchini-and-basil
Cauliflower Piccata,https://cooking.nytimes.com//recipes/1022614-cauliflower-piccata
Braised White Beans and Greens With Parmesan,https://cooking.nytimes.com//recipes/1021902-braised-white-beans-and-greens-with-parmesan
Coconut Chicken Curry,https://cooking.nytimes.com//recipes/1021760-coconut-chicken-curry
Vegan Tantanmen With Pan-Fried Tofu,https://cooking.nytimes.com//recipes/1022099-vegan-tantanmen-with-pan-fried-tofu
Jamaican Curry Chicken and Potatoes,https://cooking.nytimes.com//recipes/1021842-jamaican-curry-chicken-and-potatoes
Slow Cooker Chicken Ragù With Herbed Ricotta,https://cooking.nytimes.com//recipes/1022080-slow-cooker-chicken-ragu-with-herbed-ricotta
Coconut Rice With Shrimp and Corn,https://cooking.nytimes.com//recipes/1022459-coconut-rice-with-shrimp-and-corn
Strawberry and Cream Layer Cake,https://cooking.nytimes.com//recipes/1022272-strawberry-and-cream-layer-cake
One-Bowl Carrot Cake,https://cooking.nytimes.com//recipes/1022160-one-bowl-carrot-cake
Quesabirria Tacos,https://cooking.nytimes.com//recipes/1021859-quesabirria-tacos
Sponge Cake,https://cooking.nytimes.com//recipes/1022270-sponge-cake
Roasted Chicken Thighs With Cauliflower and Herby Yogurt,https://cooking.nytimes.com//recipes/1021945-roasted-chicken-thighs-with-cauliflower-and-herby-yogurt
Chocolate Pudding With Raspberry Cream,https://cooking.nytimes.com//recipes/1021898-chocolate-pudding-with-raspberry-cream
Salmon and Couscous Salad With Cucumber-Feta Dressing,https://cooking.nytimes.com//recipes/1021970-salmon-and-couscous-salad-with-cucumber-feta-dressing
Potato-Cheddar Soup With Quick-Pickled Jalapeños,https://cooking.nytimes.com//recipes/1021839-potato-cheddar-soup-with-quick-pickled-jalapenos
Old-Fashioned Butterscotch Pudding,https://cooking.nytimes.com//recipes/1021800-old-fashioned-butterscotch-pudding
Dutch Oven Chicken and Vinaigrette,https://cooking.nytimes.com//recipes/1022498-dutch-oven-chicken-and-vinaigrette
Fried Tagliatelle With Chickpeas and Smoky Tomatoes,https://cooking.nytimes.com//recipes/1021789-fried-tagliatelle-with-chickpeas-and-smoky-tomatoes
"Chile-Roasted Chicken With Honey, Lemon and Feta",https://cooking.nytimes.com//recipes/1022164-chile-roasted-chicken-with-honey-lemon-and-feta
Yo Po Mian,https://cooking.nytimes.com//recipes/1022213-yo-po-mian
Korean Cheeseburgers With Sesame-Cucumber Pickles,https://cooking.nytimes.com//recipes/1022116-korean-cheeseburgers-with-sesame-cucumber-pickles
Garlic Chicken With Guasacaca Sauce,https://cooking.nytimes.com//recipes/1022128-garlic-chicken-with-guasacaca-sauce
Creamy Pan-Roasted Scallops With Fresh Tomatoes,https://cooking.nytimes.com//recipes/1022472-creamy-pan-roasted-scallops-with-fresh-tomatoes
Classic Apple Pie,https://cooking.nytimes.com//recipes/1022727-classic-apple-pie
Mushroom Pasta Stir-Fry,https://cooking.nytimes.com//recipes/1022121-mushroom-pasta-stir-fry
Ritzy Cheddar Chicken Breasts,https://cooking.nytimes.com//recipes/1022240-ritzy-cheddar-chicken-breasts
Sesame Salmon Bowls,https://cooking.nytimes.com//recipes/1022255-sesame-salmon-bowls
Spaghetti al Limone With Shrimp,https://cooking.nytimes.com//recipes/1022216-spaghetti-al-limone-with-shrimp
No-Bake Mango Lime Cheesecake,https://cooking.nytimes.com//recipes/1021843-no-bake-mango-lime-cheesecake
Chicken Katsu,https://cooking.nytimes.com//recipes/1021957-chicken-katsu
Pressure Cooker Mushroom and Wild Rice Soup,https://cooking.nytimes.com//recipes/1021942-pressure-cooker-mushroom-and-wild-rice-soup
Green Salad With Dill Vinaigrette,https://cooking.nytimes.com//recipes/1022752-green-salad-with-dill-vinaigrette
Goat Cheese and Fig Quick Bread,https://cooking.nytimes.com//recipes/1021824-goat-cheese-and-fig-quick-bread
"One-Pot Orzo With Tomatoes, Corn and Zucchini",https://cooking.nytimes.com//recipes/1022465-one-pot-orzo-with-tomatoes-corn-and-zucchini
"Pasta Alla Zozzona (Rigatoni With Sausage, Guanciale, and Egg Yolks)",https://www.seriouseats.com/pasta-alla-zozzona-rigatoni-with-sausage-and-egg-yolks
Basque Cheesecake,https://www.seriouseats.com/basque-cheesecake
Pasta e Ceci (Pasta With Chickpeas),https://www.seriouseats.com/pasta-e-ceci-pasta-with-chickpeas
Korean Corn Cheese,https://www.seriouseats.com/korean-corn-cheese-5196495
Gamja-tang (Korean Pork and Potato Stew),https://www.seriouseats.com/gamja-tang-pork-and-potato-stew-5198498
 Lemony Tortellini Soup with Spinach and Dill,https://www.bonappetit.com/recipe/lemony-tortellini-soup-with-spinach-and-dill
 Strip Steak au Poivre,https://www.bonappetit.com/recipe/strip-steak-au-poivre
 Green Curry Lentil Soup,https://www.bonappetit.com/recipe/green-curry-lentil-soup
 Sheet-Pan Gnocchi,https://www.bonappetit.com/recipe/sheet-pan-gnocchi
 Cabbage Roll Casserole,https://www.bonappetit.com/recipe/cabbage-roll-casserole
 Sesame Tofu With Broccoli,https://www.bonappetit.com/recipe/sesame-tofu-with-broccoli
 Caramel Crunch–Chocolate Chunklet Cookies,https://www.bonappetit.com/recipe/caramel-crunch-chocolate-chunklet-cookies
 Classic Banana Pudding,https://www.bonappetit.com/recipe/best-banana-pudding
 Morning Glory Baked Oatmeal,https://www.bonappetit.com/recipe/morning-glory-baked-oatmeal
 Thai Roast Chicken Thighs With Coconut Rice,https://www.bonappetit.com/recipe/thai-roast-chicken-thighs-with-coconut-rice
Simple One-Skillet Chicken Alfredo Pasta,https://www.epicurious.com/recipes/food/views/simple-one-skillet-chicken-alfredo-pasta
Homemade Stuffing (“Simple Is Best” Dressing),https://www.epicurious.com/recipes/food/views/simple-is-best-dressing-51124210
Vegetarian Skillet Stuffed Shells,https://www.epicurious.com/recipes/food/views/vegetarian-skillet-stuffed-shells
Bombay Masala Chile Cheese Toasties,https://www.epicurious.com/recipes/food/views/bombay-toasties-masala-chile-cheese-tara-obrady
Nanaimo Bars,https://www.epicurious.com/recipes/food/views/nanaimo-bars
Old Fashioned,https://www.epicurious.com/recipes/food/views/old-fashioned-235804
Pasta With 15-Minute Burst Cherry Tomato Sauce,https://www.epicurious.com/recipes/food/views/pasta-with-15-minute-burst-cherry-tomato-sauce-56390060
Lemon Curd,https://www.epicurious.com/recipes/food/views/lemon-curd-104568
Three Cities of Spain Cheesecake,https://www.epicurious.com/recipes/food/views/three-cities-of-spain-cheesecake-102595
Simple Roast Chicken,https://www.epicurious.com/recipes/food/views/my-favorite-simple-roast-chicken-231348
Simple Hot Cocoa for One,https://www.epicurious.com/recipes/food/views/simple-hot-cocoa-for-one-369469
Crisp Roast Duck,https://www.epicurious.com/recipes/food/views/crisp-roast-duck-235744
Banana Pudding Cheesecake Bars,https://www.epicurious.com/recipes/food/views/banana-pudding-cheesecake-bars
Cioppino Seafood Stew With Gremolata Toasts,https://www.epicurious.com/recipes/food/views/cioppino-seafood-stew-with-gremolata-toasts-51248830
Classic Dry Martini,https://www.epicurious.com/recipes/food/views/classic-dry-martini-237574
3-Ingredient Peanut Butter Cookies,https://www.epicurious.com/recipes/food/views/3-ingredient-peanut-butter-cookies
"Low-Country Boil With Shrimp, Corn, and Sausage",https://www.epicurious.com/recipes/food/views/low-country-boil-with-shrimp-corn-and-sausage
Malted “Forever” Brownies,https://www.epicurious.com/recipes/food/views/malted-forever-brownies
Leg of Lamb With Garlic and Rosemary,https://www.epicurious.com/recipes/food/views/leg-of-lamb-with-garlic-and-rosemary-105020
Classic Potato Pancakes,https://www.epicurious.com/recipes/food/views/classic-potato-pancakes-233361
Caramelized Onion Pasta,https://www.epicurious.com/recipes/food/views/caramelized-onion-pasta
Oven Risotto with Crispy Roasted Mushrooms,https://www.epicurious.com/recipes/food/views/oven-risotto-with-crispy-roasted-mushrooms
Salmon Croquettes With Dill Sauce,https://www.epicurious.com/recipes/food/views/salmon-croquettes-dill-sauce
Salted-Butter Oatmeal Chocolate Chip Cookies,https://www.epicurious.com/recipes/food/views/salted-butter-oatmeal-chocolate-chip-cookies
"Curried Lentil, Tomato, and Coconut Soup",https://www.epicurious.com/recipes/food/views/curried-lentil-tomato-and-coconut-soup
Dried Ginger Masala Chai,https://www.epicurious.com/recipes/food/views/masala-chai-dried-ginger
"Deep, Dark Chocolate Cake",https://www.epicurious.com/recipes/food/views/deep-dark-chocolate-cake-bakewise
Old-Fashioned Pecan Pie,https://www.epicurious.com/recipes/food/views/old-fashioned-pecan-pie-356072
Peach and Butter Pecan Ice Cream Icebox Cake,https://www.epicurious.com/recipes/food/views/easy-peach-butter-pecan-ice-cream-icebox-cake
Hazelnut Rocher Cheesecake Bars,https://www.epicurious.com/recipes/food/views/frozen-no-bake-cheesecake-bars-edd-kimber
Cedar-Plank Salmon,https://www.epicurious.com/recipes/food/views/cedar-plank-salmon-354516
Oatmeal Date Cookies,https://www.epicurious.com/recipes/food/views/oatmeal-date-cookies-roxana-jullapat
Hot Toddy,https://www.epicurious.com/recipes/food/views/hot-toddy-233821
Seared Scallops With Brown Butter and Lemon Pan Sauce,https://www.epicurious.com/recipes/food/views/seared-scallops-with-brown-butter-and-lemon-pan-sauce
Chocolate Zucchini Cake,https://www.epicurious.com/recipes/food/views/chocolate-zucchini-cake-907
Our Favorite Macaroni and Cheese,https://www.epicurious.com/recipes/food/views/our-favorite-macaroni-and-cheese-51255890
Bombay Rolls,https://www.epicurious.com/recipes/food/views/bombay-rolls-meera-sodha
Stone Fruit Clafoutis,https://www.epicurious.com/recipes/food/views/stone-fruit-clafoutis
Peruvian-Style Roast Chicken With Tangy Green Sauce,https://www.epicurious.com/recipes/food/views/peruvian-style-roast-chicken-with-tangy-green-sauce
Molten Chocolate Chunk Brownies,https://www.epicurious.com/recipes/food/views/molten-chocolate-chunk-brownies
Pumpkin Stuffed with Everything Good,https://www.epicurious.com/recipes/food/views/pumpkin-stuffed-with-everything-good-361169
Quaker Vanishing Oatmeal Raisin Cookies,https://www.epicurious.com/recipes/food/views/quaker-vanishing-oatmeal-raisin-cookies
Baked Ham,https://www.epicurious.com/recipes/food/views/baked-ham-360789
Chocolate Mousse,https://www.epicurious.com/recipes/food/views/chocolate-mousse-107437
Yogurt and Spice Roasted Salmon,https://www.epicurious.com/recipes/food/views/easy-yogurt-and-spice-roasted-salmon-sabrina-ghayour
Peach Cobbler,https://www.epicurious.com/recipes/food/views/peach-cobbler-hot-water
Our Favorite Key Lime Pie,https://www.epicurious.com/recipes/food/views/our-favorite-key-lime-pie-56389684
My Homemade Potato Chips,https://www.epicurious.com/recipes/food/views/my-homemade-potato-chips-234557
Panna Cotta,https://www.epicurious.com/recipes/food/views/panna-cotta-14224
French's Green Bean Casserole,https://www.epicurious.com/recipes/food/views/frenchs-green-bean-casserole
Flourless Chocolate Cake,https://www.epicurious.com/recipes/food/views/flourless-chocolate-cake-14478
Chocolate–Peanut Butter Sheet Pan Ice Cream Sandwiches,https://www.epicurious.com/recipes/food/views/chocolate-peanut-butter-sheet-pan-ice-cream-sandwiches
Golden Beet Cake With the Best Cream Cheese Frosting,https://www.epicurious.com/recipes/food/views/golden-beet-cake-best-cream-cheese-frosting
Herb-Crusted Cauliflower Steaks With Beans and Tomatoes,https://www.epicurious.com/recipes/food/views/herb-crusted-cauliflower-steaks-with-beans-and-tomatoes
"Mochi Cake, Any Way You Want It",https://www.epicurious.com/recipes/food/views/mochi-cake-any-way-you-want-it
Kale and Brussels Sprout Salad,https://www.epicurious.com/recipes/food/views/kale-brussels-sprout-salad-368295
Cocoa Brioche Morning Buns,https://www.epicurious.com/recipes/food/views/cocoa-brioche-morning-buns
Garlicky Instant Ramen Noodle Salad With Grilled Chicken Thighs,https://www.epicurious.com/recipes/food/views/garlicky-instant-ramen-noodle-salad-grilled-chicken-thighs
Our Favorite Banana Bread,https://www.epicurious.com/recipes/food/views/our-favorite-banana-bread-56389378
French 75,https://www.epicurious.com/recipes/food/views/french-75-242668
Chicken Barbecue (Inihaw na Manok),https://www.epicurious.com/recipes/food/views/filipino-chicken-barbecue-skewers-inihaw-na-manok
Creamy Pasta With Crispy Mushrooms,https://www.epicurious.com/recipes/food/views/creamy-pasta-with-crispy-mushrooms
Our Favorite Cinnamon Rolls,https://www.epicurious.com/recipes/food/views/our-favorite-cinnamon-rolls-51251020
Fried Garlic Noodles,https://www.epicurious.com/recipes/food/views/fried-garlic-noodles-sheldon-simeon
Roasted Garlic and Parmesan Baked Halibut,https://www.epicurious.com/recipes/food/views/roasted-garlic-and-parmesan-baked-halibut
Basque-Style Sweet Potato Cheesecake,https://www.epicurious.com/recipes/food/views/basque-style-sweet-potato-cheesecake
Chickpea-Potato Chaat,https://www.epicurious.com/recipes/food/views/chickpea-potato-chaat
Smoky Spanish Potatoes and Eggs,https://www.epicurious.com/recipes/food/views/smoky-spanish-potatoes-and-eggs
Microwave Coconut Sticky Rice With Mango,https://www.epicurious.com/recipes/food/views/microwave-coconut-sticky-rice-with-mango-teigen
Crispy Chicken Over Turmeric-Lemon Cabbage and Peas,https://www.epicurious.com/recipes/food/views/crispy-chicken-turmeric-lemon-cabbage-peas
Our Favorite Apple Pie,https://www.epicurious.com/recipes/food/views/our-favorite-apple-pie-51248690
Double-the-Mustard Chicken With Potatoes and Greens,https://www.epicurious.com/recipes/food/views/honey-mustard-sheet-pan-chicken-dinner-with-potatoes-and-greens
Sheet-Pan Brownie Thins,https://www.epicurious.com/recipes/food/views/sheet-pan-brownie-thins
Tahini Chiffon Cake With Burnt Honey Cream and Poached Rhubarb,https://www.epicurious.com/recipes/food/views/tahini-chiffon-cake-rhubarb-jen-yee
Best Deviled Eggs,https://www.epicurious.com/recipes/food/views/deviled-eggs-106562
Pan-Roasted Swordfish Steaks With Mixed-Peppercorn Butter,https://www.epicurious.com/recipes/food/views/pan-roasted-swordfish-steaks-with-mixed-peppercorn-butter-232695
Paper Plane Cocktail,https://www.epicurious.com/recipes/food/views/paper-plane-cocktail
"Steamed Whole Fish With Ginger, Scallions, and Soy",https://www.epicurious.com/recipes/food/views/steamed-whole-fish-with-ginger-scallions-and-soy-51115200
Frozen Chocolate Bananas,https://www.epicurious.com/recipes/food/views/frozen-chocolate-bananas-240064
Seafood Paella,https://www.epicurious.com/recipes/food/views/seafood-paella-366249
Masa Pancakes,https://www.epicurious.com/recipes/food/views/masa-pancakes-alan-delgado
Slow Cooker Pork Shoulder With Zesty Basil Sauce,https://www.epicurious.com/recipes/food/views/slow-cooker-pork-shoulder-with-zesty-basil-sauce
"Sonoran-Style Potato, Cheese, and Tomato Soup",https://www.epicurious.com/recipes/food/views/sonoran-style-potato-cheese-tomato-soup
One-Skillet Chicken with Buttery Orzo,https://www.epicurious.com/recipes/food/views/one-skillet-baked-chicken-thighs-with-orzo-and-fennel
Yeasted Beer Bread,https://www.epicurious.com/recipes/food/views/yeasted-beer-bread-roxana-jullapat
Shortbread Cookies Four Ways,https://www.epicurious.com/recipes/food/views/tenderest-shortbread-four-ways
The Perfect Flan,https://www.epicurious.com/recipes/food/views/the-perfect-flan-1902
Strawberry Sorbet From The River Café,https://food52.com/recipes/12934-the-river-cafe-s-strawberry-sorbet
Pasta With Silkiest Eggplant Sauce From Francis Lam,https://food52.com/recipes/86134-pasta-with-silkiest-eggplant-sauce-recipe-francis-lam
Kristen’s Family Banana Bread,https://food52.com/recipes/86604-kristens-genius-family-banana-bread-recipe
Meyer Lemon Rice With Candied Garlic From Michael W. Twitty,https://food52.com/recipes/85417-meyer-lemon-rice-with-candied-garlic-recipe
Hot Chocolate & Halva Pudding From Benjamina Ebuehi,https://food52.com/recipes/85016-hot-chocolate-halva-pudding-recipe
Perfectly Pillowy King Arthur Cinnamon Rolls,https://food52.com/recipes/85127-perfectly-pillowy-cinnamon-roll-recipe
Fried Egg Salad From Ideas in Food,https://food52.com/recipes/84893-fried-egg-salad-recipe-from-ideas-in-food
Mike’s Famous Fried Eggs,https://food52.com/recipes/86531-mikes-famous-fried-eggs-recipe
Kiwi & Feta Salad From Nadiya Hussain,https://food52.com/recipes/86030-kiwi-feta-salad-recipe-from-nadiya-hussain
Cardamom Cake From Niloufer Ichaporia King,https://food52.com/recipes/85494-cardamom-cake-recipe-niloufer-ichaporia-king
Magical Whole-Grain Pancakes From Josey Baker,https://food52.com/recipes/85785-whole-grain-pancakes-recipe
